PRAGMA foreign_keys=off;

--tous les passwords sont 'ju'
insert into User (id, username, email, name, family_name, phone, address, salt, hash) values (1,'julien', 'julienguite@gmail.com', 'julien', 'guite', '450-444-4441', '1200 rue test', 'cbf02b048d1649deb5b9a381f15b7a3d', 'a3b61ddd36e5c2b041dcea14039710d1e5a5cac8694b2b20f6a320259566cfcb4d8ce5217135cf227a96f2d57d7eebd2e12d10a6f2963d88e8ac2c5c63568f0d');
insert into User (id, username, email, name, family_name, phone, address, salt, hash) values (2,'frank', 'test2@test.com', 'frank', 'guite2', '450-444-4442', '1232 rue test','cbf02b048d1649deb5b9a381f15b7a3d', 'a3b61ddd36e5c2b041dcea14039710d1e5a5cac8694b2b20f6a320259566cfcb4d8ce5217135cf227a96f2d57d7eebd2e12d10a6f2963d88e8ac2c5c63568f0d');
insert into User (id, username, email, name, family_name, phone, address, salt, hash) values (3,'luce', 'test3@test.com', 'luce', 'guite3', '450-444-4443', '1233 rue test','cbf02b048d1649deb5b9a381f15b7a3d', 'a3b61ddd36e5c2b041dcea14039710d1e5a5cac8694b2b20f6a320259566cfcb4d8ce5217135cf227a96f2d57d7eebd2e12d10a6f2963d88e8ac2c5c63568f0d');
insert into User (id, username, email, name, family_name, phone, address, salt, hash) values (4,'renee','test4@test.com','renee', 'guite4', '450-444-4444', '1234 rue test','cbf02b048d1649deb5b9a381f15b7a3d', 'a3b61ddd36e5c2b041dcea14039710d1e5a5cac8694b2b20f6a320259566cfcb4d8ce5217135cf227a96f2d57d7eebd2e12d10a6f2963d88e8ac2c5c63568f0d');
insert into User (id, username, email, name, family_name, phone, address, salt, hash) values (5,'michelle', 'test5@test.com','michelle', 'guite5', '450-444-4445', '1235 rue test','cbf02b048d1649deb5b9a381f15b7a3d', 'a3b61ddd36e5c2b041dcea14039710d1e5a5cac8694b2b20f6a320259566cfcb4d8ce5217135cf227a96f2d57d7eebd2e12d10a6f2963d88e8ac2c5c63568f0d');
insert into User (id, username, email, name, family_name, phone, address, salt, hash) values (6,'claude', 'test6test.com','claude', 'guite6', '450-444-4446', '1236 rue test','cbf02b048d1649deb5b9a381f15b7a3d', 'a3b61ddd36e5c2b041dcea14039710d1e5a5cac8694b2b20f6a320259566cfcb4d8ce5217135cf227a96f2d57d7eebd2e12d10a6f2963d88e8ac2c5c63568f0d');
insert into User (id, username, email, name, family_name, phone, address, salt, hash) values (7,'flavie', 'test7@test.com','flavie', 'guite7', '450-444-4447', '1237 rue test', 'cbf02b048d1649deb5b9a381f15b7a3d', 'a3b61ddd36e5c2b041dcea14039710d1e5a5cac8694b2b20f6a320259566cfcb4d8ce5217135cf227a96f2d57d7eebd2e12d10a6f2963d88e8ac2c5c63568f0d');
insert into User (id, username, email, name, family_name, phone, address, salt, hash) values (8,'machtelle', 'test8@test.com','machtelle', 'guite8', '450-444-4448', '1238 rue test','cbf02b048d1649deb5b9a381f15b7a3d', 'a3b61ddd36e5c2b041dcea14039710d1e5a5cac8694b2b20f6a320259566cfcb4d8ce5217135cf227a96f2d57d7eebd2e12d10a6f2963d88e8ac2c5c63568f0d');
insert into User (id, username, email, name, family_name, phone, address, salt, hash) values (9,'mutante', 'test9@test.com','mutante', 'guite9', '450-444-4449', '1239 rue test','cbf02b048d1649deb5b9a381f15b7a3d', 'a3b61ddd36e5c2b041dcea14039710d1e5a5cac8694b2b20f6a320259566cfcb4d8ce5217135cf227a96f2d57d7eebd2e12d10a6f2963d88e8ac2c5c63568f0d');
insert into User (id, username, email, name, family_name, phone, address, salt, hash) values (10,'vincent', 'test10@test.com','vincent', 'guite10', '450-444-4440', '1210 rue test','cbf02b048d1649deb5b9a381f15b7a3d', 'a3b61ddd36e5c2b041dcea14039710d1e5a5cac8694b2b20f6a320259566cfcb4d8ce5217135cf227a96f2d57d7eebd2e12d10a6f2963d88e8ac2c5c63568f0d');
insert into User (id, username, email, name, family_name, phone, address, salt, hash) values (11,'etienne', 'test11@test.com','etienne', 'guite11', '450-444-4411', '1211 rue test','cbf02b048d1649deb5b9a381f15b7a3d', 'a3b61ddd36e5c2b041dcea14039710d1e5a5cac8694b2b20f6a320259566cfcb4d8ce5217135cf227a96f2d57d7eebd2e12d10a6f2963d88e8ac2c5c63568f0d');
insert into User (id, username, email, name, family_name, phone, address, salt, hash) values (12,'elie', 'test12@test.com','elie', 'guite12', '450-444-4412', '1212 rue test','cbf02b048d1649deb5b9a381f15b7a3d', 'a3b61ddd36e5c2b041dcea14039710d1e5a5cac8694b2b20f6a320259566cfcb4d8ce5217135cf227a96f2d57d7eebd2e12d10a6f2963d88e8ac2c5c63568f0d');
insert into User (id, username, email, name, family_name, phone, address, salt, hash) values (13,'auguste', 'test13@test.com','auguste', 'guite13', '450-444-4413', '1213 rue test','cbf02b048d1649deb5b9a381f15b7a3d', 'a3b61ddd36e5c2b041dcea14039710d1e5a5cac8694b2b20f6a320259566cfcb4d8ce5217135cf227a96f2d57d7eebd2e12d10a6f2963d88e8ac2c5c63568f0d');
insert into User (id, username, email, name, family_name, phone, address, salt, hash) values (14,'gloria', 'test14@test.com','gloria', 'guite14', '450-444-4414', '1214 rue test','cbf02b048d1649deb5b9a381f15b7a3d', 'a3b61ddd36e5c2b041dcea14039710d1e5a5cac8694b2b20f6a320259566cfcb4d8ce5217135cf227a96f2d57d7eebd2e12d10a6f2963d88e8ac2c5c63568f0d');
insert into User (id, username, email, name, family_name, phone, address, salt, hash) values (15,'marc', 'test15@test.com','marc', 'guite15', '450-444-4415', '1215 rue test','cbf02b048d1649deb5b9a381f15b7a3d', 'a3b61ddd36e5c2b041dcea14039710d1e5a5cac8694b2b20f6a320259566cfcb4d8ce5217135cf227a96f2d57d7eebd2e12d10a6f2963d88e8ac2c5c63568f0d');
insert into User (id, username, email, name, family_name, phone, address, salt, hash) values (16,'david', 'test16@test.com','david', 'guite16', '450-444-4416', '1216 rue test','cbf02b048d1649deb5b9a381f15b7a3d', 'a3b61ddd36e5c2b041dcea14039710d1e5a5cac8694b2b20f6a320259566cfcb4d8ce5217135cf227a96f2d57d7eebd2e12d10a6f2963d88e8ac2c5c63568f0d');
insert into User (id, username, email, name, family_name, phone, address, salt, hash, admin) values (17,'admin', 'admin','david', 'guite16', '450-444-4416', '1216 rue test','cbf02b048d1649deb5b9a381f15b7a3d', 'a3b61ddd36e5c2b041dcea14039710d1e5a5cac8694b2b20f6a320259566cfcb4d8ce5217135cf227a96f2d57d7eebd2e12d10a6f2963d88e8ac2c5c63568f0d', 1);


INSERT INTO Equipment(id, room_id, computer, white_board, sound_system, projector) VALUES(1, 1, 1, 0, 1, 1);
INSERT INTO Equipment(id, room_id, computer, white_board, sound_system, projector) VALUES(2, 2, 1, 1, 1, 1);
INSERT INTO Equipment(id, room_id, computer, white_board, sound_system, projector) VALUES(3, 3, 0, 0, 0, 0);
INSERT INTO Equipment(id, room_id, computer, white_board, sound_system, projector) VALUES(4, 4, 1, 0, 1, 1);
INSERT INTO Equipment(id, room_id, computer, white_board, sound_system, projector) VALUES(5, 5, 1, 1, 1, 1);
INSERT INTO Equipment(id, room_id, computer, white_board, sound_system, projector) VALUES(6, 6, 0, 0, 0, 0);
INSERT INTO Equipment(id, room_id, computer, white_board, sound_system, projector) VALUES(7, 7, 1, 0, 1, 1);
INSERT INTO Equipment(id, room_id, computer, white_board, sound_system, projector) VALUES(8, 8, 1, 1, 1, 1);
INSERT INTO Equipment(id, room_id, computer, white_board, sound_system, projector) VALUES(9, 9, 0, 0, 0, 0);
INSERT INTO Equipment(id, room_id, computer, white_board, sound_system, projector) VALUES(10, 10, 1, 0, 1, 1);
INSERT INTO Equipment(id, room_id, computer, white_board, sound_system, projector) VALUES(11, 11, 1, 1, 1, 1);
INSERT INTO Equipment(id, room_id, computer, white_board, sound_system, projector) VALUES(12, 12, 0, 0, 0, 0);
INSERT INTO Equipment(id, room_id, computer, white_board, sound_system, projector) VALUES(13, 13, 1, 0, 1, 1);
INSERT INTO Equipment(id, room_id, computer, white_board, sound_system, projector) VALUES(14, 14, 1, 1, 1, 1);
INSERT INTO Equipment(id, room_id, computer, white_board, sound_system, projector) VALUES(15, 15, 0, 0, 0, 0);
INSERT INTO Equipment(id, room_id, computer, white_board, sound_system, projector) VALUES(16, 16, 0, 0, 0, 0);


--type de room
-- 1 arena 2 auditorium 3 bar 4 universite 5 theatre 6 centre culturel 7 maison 8 exterieur
INSERT INTO Room (id, name, type, capacity, description, equipment_id) VALUES (1,'metropolis',2,1000,'receptif et comprehnsible',1);
INSERT INTO Room (id, name, type, capacity, description, equipment_id) VALUES (2,'spectrum',2, 1500,'aceeuillant et genereux',2);
INSERT INTO Room (id, name, type, capacity, description, equipment_id) VALUES (3,'centre bell',1, 26000,'go habs go',3);
INSERT INTO Room (id, name, type, capacity, description, equipment_id) VALUES (4,'centre videotron',1, 20000,'lets go nordique',4);
INSERT INTO Room (id, name, type, capacity, description, equipment_id) VALUES (5,'foufounes electriques',3,500,'veux tu fourrer a soir',5);
INSERT INTO Room (id, name, type, capacity, description, equipment_id) VALUES (6,'salon daome',3, 200,'boom boom',6);
INSERT INTO Room (id, name, type, capacity, description, equipment_id) VALUES (7,'taco bar',3,350,'prend tu une tite frette?',7);
INSERT INTO Room (id, name, type, capacity, description, equipment_id) VALUES (8,'pk-310',4,50,'code moi ca mon grand',8);
INSERT INTO Room (id, name, type, capacity, description, equipment_id) VALUES (9,'pk-620',4, 30,'etre ou ne pas etre',9);
INSERT INTO Room (id, name, type, capacity, description, equipment_id) VALUES (10,'p-420',4,200,'on fait de la gestion yeahh',10);
INSERT INTO Room (id, name, type, capacity, description, equipment_id) VALUES (11,'saint-siboire',3,100,'sua brosse',11);
INSERT INTO Room (id, name, type, capacity, description, equipment_id) VALUES (12,'theatre du nouveau monde',5, 200, 'nice',12);
INSERT INTO Room (id, name, type, capacity, description, equipment_id) VALUES (13,'theatre national',5,300,'les meilleurs artistede chez nous',13);
INSERT INTO Room (id, name, type, capacity, description, equipment_id) VALUES (14,'centre culturel marcel',6,200,'luminuex et chaleureux',14);
INSERT INTO Room (id, name, type, capacity, description, equipment_id) VALUES (15,'chez toi',7, 50,'c est donc ben beau chez vous',15);
INSERT INTO Room (id, name, type, capacity, description, equipment_id) VALUES (16,'plaines abraham',8,100000,'party!',16);


PRAGMA foreign_keys=on;

--SELECT * FROM Room;
--SELECT * FROM User;
