PRAGMA foreign_keys=off;

--tous les passwords sont 'ju'
insert into User (id, username, email, name, family_name, phone, address, salt, hash) values (1,'julien', 'julienguite@gmail.com', 'julien', 'guite', '450-444-4441', '1200 rue test', 'cbf02b048d1649deb5b9a381f15b7a3d', 'a3b61ddd36e5c2b041dcea14039710d1e5a5cac8694b2b20f6a320259566cfcb4d8ce5217135cf227a96f2d57d7eebd2e12d10a6f2963d88e8ac2c5c63568f0d');
insert into User (id, username, email, name, family_name, phone, address, salt, hash) values (2,'frank', 'test2@test.com', 'frank', 'guite2', '450-444-4442', '1232 rue test','cbf02b048d1649deb5b9a381f15b7a3d', 'a3b61ddd36e5c2b041dcea14039710d1e5a5cac8694b2b20f6a320259566cfcb4d8ce5217135cf227a96f2d57d7eebd2e12d10a6f2963d88e8ac2c5c63568f0d');
insert into User (id, username, email, name, family_name, phone, address, salt, hash) values (3,'luce', 'test3@test.com', 'luce', 'guite3', '450-444-4443', '1233 rue test','cbf02b048d1649deb5b9a381f15b7a3d', 'a3b61ddd36e5c2b041dcea14039710d1e5a5cac8694b2b20f6a320259566cfcb4d8ce5217135cf227a96f2d57d7eebd2e12d10a6f2963d88e8ac2c5c63568f0d');
insert into User (id, username, email, name, family_name, phone, address, salt, hash) values (4,'renee','test4@test.com','renee', 'guite4', '450-444-4444', '1234 rue test','cbf02b048d1649deb5b9a381f15b7a3d', 'a3b61ddd36e5c2b041dcea14039710d1e5a5cac8694b2b20f6a320259566cfcb4d8ce5217135cf227a96f2d57d7eebd2e12d10a6f2963d88e8ac2c5c63568f0d');
insert into User (id, username, email, name, family_name, phone, address, salt, hash) values (5,'michelle', 'test5@test.com','michelle', 'guite5', '450-444-4445', '1235 rue test','cbf02b048d1649deb5b9a381f15b7a3d', 'a3b61ddd36e5c2b041dcea14039710d1e5a5cac8694b2b20f6a320259566cfcb4d8ce5217135cf227a96f2d57d7eebd2e12d10a6f2963d88e8ac2c5c63568f0d');
insert into User (id, username, email, name, family_name, phone, address, salt, hash) values (6,'claude', 'test6test.com','claude', 'guite6', '450-444-4446', '1236 rue test','cbf02b048d1649deb5b9a381f15b7a3d', 'a3b61ddd36e5c2b041dcea14039710d1e5a5cac8694b2b20f6a320259566cfcb4d8ce5217135cf227a96f2d57d7eebd2e12d10a6f2963d88e8ac2c5c63568f0d');
insert into User (id, username, email, name, family_name, phone, address, salt, hash) values (7,'flavie', 'test7@test.com','flavie', 'guite7', '450-444-4447', '1237 rue test', 'cbf02b048d1649deb5b9a381f15b7a3d', 'a3b61ddd36e5c2b041dcea14039710d1e5a5cac8694b2b20f6a320259566cfcb4d8ce5217135cf227a96f2d57d7eebd2e12d10a6f2963d88e8ac2c5c63568f0d');
insert into User (id, username, email, name, family_name, phone, address, salt, hash) values (8,'machtelle', 'test8@test.com','machtelle', 'guite8', '450-444-4448', '1238 rue test','cbf02b048d1649deb5b9a381f15b7a3d', 'a3b61ddd36e5c2b041dcea14039710d1e5a5cac8694b2b20f6a320259566cfcb4d8ce5217135cf227a96f2d57d7eebd2e12d10a6f2963d88e8ac2c5c63568f0d');
insert into User (id, username, email, name, family_name, phone, address, salt, hash) values (9,'mutante', 'test9@test.com','mutante', 'guite9', '450-444-4449', '1239 rue test','cbf02b048d1649deb5b9a381f15b7a3d', 'a3b61ddd36e5c2b041dcea14039710d1e5a5cac8694b2b20f6a320259566cfcb4d8ce5217135cf227a96f2d57d7eebd2e12d10a6f2963d88e8ac2c5c63568f0d');
insert into User (id, username, email, name, family_name, phone, address, salt, hash) values (10,'vincent', 'test10@test.com','vincent', 'guite10', '450-444-4440', '1210 rue test','cbf02b048d1649deb5b9a381f15b7a3d', 'a3b61ddd36e5c2b041dcea14039710d1e5a5cac8694b2b20f6a320259566cfcb4d8ce5217135cf227a96f2d57d7eebd2e12d10a6f2963d88e8ac2c5c63568f0d');
insert into User (id, username, email, name, family_name, phone, address, salt, hash) values (11,'etienne', 'test11@test.com','etienne', 'guite11', '450-444-4411', '1211 rue test','cbf02b048d1649deb5b9a381f15b7a3d', 'a3b61ddd36e5c2b041dcea14039710d1e5a5cac8694b2b20f6a320259566cfcb4d8ce5217135cf227a96f2d57d7eebd2e12d10a6f2963d88e8ac2c5c63568f0d');
insert into User (id, username, email, name, family_name, phone, address, salt, hash) values (12,'elie', 'test12@test.com','elie', 'guite12', '450-444-4412', '1212 rue test','cbf02b048d1649deb5b9a381f15b7a3d', 'a3b61ddd36e5c2b041dcea14039710d1e5a5cac8694b2b20f6a320259566cfcb4d8ce5217135cf227a96f2d57d7eebd2e12d10a6f2963d88e8ac2c5c63568f0d');
insert into User (id, username, email, name, family_name, phone, address, salt, hash) values (13,'auguste', 'test13@test.com','auguste', 'guite13', '450-444-4413', '1213 rue test','cbf02b048d1649deb5b9a381f15b7a3d', 'a3b61ddd36e5c2b041dcea14039710d1e5a5cac8694b2b20f6a320259566cfcb4d8ce5217135cf227a96f2d57d7eebd2e12d10a6f2963d88e8ac2c5c63568f0d');
insert into User (id, username, email, name, family_name, phone, address, salt, hash) values (14,'gloria', 'test14@test.com','gloria', 'guite14', '450-444-4414', '1214 rue test','cbf02b048d1649deb5b9a381f15b7a3d', 'a3b61ddd36e5c2b041dcea14039710d1e5a5cac8694b2b20f6a320259566cfcb4d8ce5217135cf227a96f2d57d7eebd2e12d10a6f2963d88e8ac2c5c63568f0d');
insert into User (id, username, email, name, family_name, phone, address, salt, hash) values (15,'marc', 'test15@test.com','marc', 'guite15', '450-444-4415', '1215 rue test','cbf02b048d1649deb5b9a381f15b7a3d', 'a3b61ddd36e5c2b041dcea14039710d1e5a5cac8694b2b20f6a320259566cfcb4d8ce5217135cf227a96f2d57d7eebd2e12d10a6f2963d88e8ac2c5c63568f0d');
insert into User (id, username, email, name, family_name, phone, address, salt, hash) values (16,'david', 'test16@test.com','david', 'guite16', '450-444-4416', '1216 rue test','cbf02b048d1649deb5b9a381f15b7a3d', 'a3b61ddd36e5c2b041dcea14039710d1e5a5cac8694b2b20f6a320259566cfcb4d8ce5217135cf227a96f2d57d7eebd2e12d10a6f2963d88e8ac2c5c63568f0d');
insert into User (id, username, email, name, family_name, phone, address, salt, hash, admin) values (17,'admin', 'admin','david', 'guite16', '450-444-4416', '1216 rue test','cbf02b048d1649deb5b9a381f15b7a3d', 'a3b61ddd36e5c2b041dcea14039710d1e5a5cac8694b2b20f6a320259566cfcb4d8ce5217135cf227a96f2d57d7eebd2e12d10a6f2963d88e8ac2c5c63568f0d', 1);


INSERT INTO Equipment(id, room_id, computer, white_board, sound_system, projector) VALUES(1, 1, 1, 0, 1, 1);
INSERT INTO Equipment(id, room_id, computer, white_board, sound_system, projector) VALUES(2, 2, 1, 1, 1, 1);
INSERT INTO Equipment(id, room_id, computer, white_board, sound_system, projector) VALUES(3, 3, 0, 0, 0, 0);
INSERT INTO Equipment(id, room_id, computer, white_board, sound_system, projector) VALUES(4, 4, 1, 0, 1, 1);
INSERT INTO Equipment(id, room_id, computer, white_board, sound_system, projector) VALUES(5, 5, 1, 1, 1, 1);
INSERT INTO Equipment(id, room_id, computer, white_board, sound_system, projector) VALUES(6, 6, 0, 0, 0, 0);
INSERT INTO Equipment(id, room_id, computer, white_board, sound_system, projector) VALUES(7, 7, 1, 0, 1, 1);
INSERT INTO Equipment(id, room_id, computer, white_board, sound_system, projector) VALUES(8, 8, 1, 1, 1, 1);
INSERT INTO Equipment(id, room_id, computer, white_board, sound_system, projector) VALUES(9, 9, 0, 0, 0, 0);
INSERT INTO Equipment(id, room_id, computer, white_board, sound_system, projector) VALUES(10, 10, 1, 0, 1, 1);
INSERT INTO Equipment(id, room_id, computer, white_board, sound_system, projector) VALUES(11, 11, 1, 1, 1, 1);
INSERT INTO Equipment(id, room_id, computer, white_board, sound_system, projector) VALUES(12, 12, 0, 0, 0, 0);
INSERT INTO Equipment(id, room_id, computer, white_board, sound_system, projector) VALUES(13, 13, 1, 0, 1, 1);
INSERT INTO Equipment(id, room_id, computer, white_board, sound_system, projector) VALUES(14, 14, 1, 1, 1, 1);
INSERT INTO Equipment(id, room_id, computer, white_board, sound_system, projector) VALUES(15, 15, 0, 0, 0, 0);
INSERT INTO Equipment(id, room_id, computer, white_board, sound_system, projector) VALUES(16, 16, 0, 0, 0, 0);


--type de room
-- 1 arena 2 auditorium 3 bar 4 universite 5 theatre 6 centre culturel 7 maison 8 exterieur
INSERT INTO Room (id, name, type, capacity, description, equipment_id, city, postalCode) VALUES (1,'Metropolis',2,1000,'Perfectly located on Ste. Catherine St. in the heart of the Quartier des Spectacles, MTELUS spent previous incarnations as an opera house, playhouse, movie theatre, discotheque and even an ice skating rink! Now a genuine temple of music, it has hosted the biggest artists from home and abroad, from the great Sarah Bernhardt to Adele, from Prince to Lady Gaga.',1,'Montreal','H2L2C4');
INSERT INTO Room (id, name, type, capacity, description, equipment_id, city, postalCode) VALUES (2,'Spectrum',2,500,'The Spectrum opened on October 17, 1982, as the Alouette Theatre, it was briefly renamed Club Montreal before receiving its popular name.',2,'Montreal','H2L2C4');
INSERT INTO Room (id, name, type, capacity, description, equipment_id, city, postalCode) VALUES (3,'Bell Centre',1,800,'Since its inauguration in 1996 under the name Molson Centre, the Centre Bell remains the centre stage for entertainment and business events in Montreal. The Centre Bell incorporates cutting-edge technology to ensure the perfect ambience when it comes to sound, comfort, catering and otherwise for any event, whatever its magnitude.',3,'Montreal','H2L2C4');
INSERT INTO Room (id, name, type, capacity, description, equipment_id, city, postalCode) VALUES (4,'Videotron Centre',1,200,'. Throughout the site, you can experience the warm, cozy atmosphere of chalets, seamlessly blended with sleek, chic spaces with materials like steel and wood. The metal coating used in construction reflects light, like snow or the waves on the river, while the blue and white colours throughout pay tribute to the world-famous Quebec winter.',4,'Ottawa','K1N6N5');
INSERT INTO Room (id, name, type, capacity, description, equipment_id, city, postalCode) VALUES (5,'Foufounes Electriques',3,615,'Rental includes: a sound technician, a lighting technician (Main Show Room only), a door person, all bar staff and security.',5,'Ottawa','K1N6N5');
INSERT INTO Room (id, name, type, capacity, description, equipment_id, city, postalCode) VALUES (6,'Salon Daome',3,200,'Laid-back nightclub with a roster of international DJs spinning electronic music, plus theme nights.',6,'Ottawa','K1N6N5');
INSERT INTO Room (id, name, type, capacity, description, equipment_id, city, postalCode) VALUES (7,'Taco Bar',3,350,'This restaurant is located in Monkland village. The restaurant has a lot of open space.  Plenty of room to add more tables if needed.',7,'Vancouver','V6T1Z4');
INSERT INTO Room (id, name, type, capacity, description, equipment_id, city, postalCode) VALUES (8,'PK-310',4,50,'Students can rent out this room, free of charge, provided they have their student card with them.',8,'Vancouver','V6T1Z4');
INSERT INTO Room (id, name, type, capacity, description, equipment_id, city, postalCode) VALUES (9,'PK-620',4,30,'Students can rent out this room, free of charge, provided they have their student card with them.',9,'Vancouver','V6T1Z4');
INSERT INTO Room (id, name, type, capacity, description, equipment_id, city, postalCode) VALUES (10,'PK-420',4,200,'Students can rent out this room, free of charge, provided they have their student card with them.',10,'Edmonton','T6G2R3');
INSERT INTO Room (id, name, type, capacity, description, equipment_id, city, postalCode) VALUES (11,'Saint-Siboire',3,100,'With a constantly evolving selection of beers, a bistro-style food menu and a range of scotchs and whiskeys, our mission is to make you discover and appreciate the brewing world in all its facets. You can even satisfy your seafood appetite with one of the best Fish & Chips in the province.',11,'Saskatoon','S7N5A2');
INSERT INTO Room (id, name, type, capacity, description, equipment_id, city, postalCode) VALUES (12,'Theatre du nouveau monde',5,200, 'The TNM .... a place of prestige for your small and big events! A unique and original atmosphere! Stamp and style! An incredible service! A successful event!',12,'Winnipeg','R3T2N2');
INSERT INTO Room (id, name, type, capacity, description, equipment_id, city, postalCode) VALUES (13,'Theatre National',5,300,'Make sure you have a place to sit with your friends on Fridays and Saturdays during POP nights, by reserving our new VIP corner! In this zone only, you can purchase alcohol by the bottle.  We also make sure you get into the venue fast as well as receiving two complimentary entries.',13,'Halifax','B3H4R2');
INSERT INTO Room (id, name, type, capacity, description, equipment_id, city, postalCode) VALUES (14,'Centre culturel Marcel',6,200,'The Town of Saint-Bruno-de-Montarville is partnering with Productions du 16 to present professional shows of all kinds at the Marcel-Dulude Center, be it humor, theater or song.',14,'Fredericton','E3B5A3');
INSERT INTO Room (id, name, type, capacity, description, equipment_id, city, postalCode) VALUES (15,'Home',7,50,'The only place in the world that feels like home, because, it is. Unfortunately, this room cannot be rented, as it is my home.',15,'Charlotettown','C1A4P3');
INSERT INTO Room (id, name, type, capacity, description, equipment_id, city, postalCode) VALUES (16,'Plaines Abraham',8,1000,'One hundred and three hectares of meadow and grassy knolls, decked with flowers or covered with snow, are there for residents and visitors to enjoy.',16,'Saint-John','A1C5S7');

INSERT INTO Reservation (id, user_id, room_id, date_begin, date_end) VALUES (1,1,1,'Wed Jun 05 2019 12:45:00','Wed Jun 05 2019 13:45:00');
INSERT INTO Reservation (id, user_id, room_id, date_begin, date_end) VALUES (2,2,2,'Wed Jun 05 2019 12:00:00','Wed Jun 05 2019 13:00:00');
INSERT INTO Reservation (id, user_id, room_id, date_begin, date_end) VALUES (3,3,3,'Wed Jun 05 2019 13:45:00','Wed Jun 05 2019 14:45:00');
INSERT INTO Reservation (id, user_id, room_id, date_begin, date_end) VALUES (4,4,4,'Wed Jun 05 2019 14:45:00','Wed Jun 05 2019 15:45:00');
INSERT INTO Reservation (id, user_id, room_id, date_begin, date_end) VALUES (5,5,5,'Wed Jun 05 2019 15:45:00','Wed Jun 05 2019 16:45:00');
INSERT INTO Reservation (id, user_id, room_id, date_begin, date_end) VALUES (6,6,6,'Wed Jun 05 2019 16:45:00','Wed Jun 05 2019 17:45:00');
INSERT INTO Reservation (id, user_id, room_id, date_begin, date_end) VALUES (7,7,7,'Wed Jun 05 2019 17:45:00','Wed Jun 05 2019 18:45:00');
INSERT INTO Reservation (id, user_id, room_id, date_begin, date_end) VALUES (8,8,8,'Wed Jun 05 2019 18:45:00','Wed Jun 05 2019 19:45:00');
INSERT INTO Reservation (id, user_id, room_id, date_begin, date_end) VALUES (9,9,9,'Wed Jun 05 2019 19:45:00','Wed Jun 05 2019 20:45:00');
INSERT INTO Reservation (id, user_id, room_id, date_begin, date_end) VALUES (10,10,10,'Wed Jun 05 2019 09:45:00','Wed Jun 05 2019 10:45:00');
INSERT INTO Reservation (id, user_id, room_id, date_begin, date_end) VALUES (11,11,11,'Wed Jun 05 2019 10:45:00','Wed Jun 05 2019 11:45:00');
PRAGMA foreign_keys=on;

--SELECT * FROM Room;
--SELECT * FROM User;
